month,day_of_week,hour_of_day,mean_rides
1,0,0,8.125
1,0,1,31.75
1,0,2,49.75
1,0,3,70.125
1,0,4,64.75
1,0,5,54.25
1,0,6,54.625
1,0,7,60.0
1,0,8,59.5
1,0,9,66.375
1,0,10,57.875
1,0,11,60.375
1,0,12,68.5
1,0,13,80.75
1,0,14,74.375
1,0,15,65.5
1,0,16,56.875
1,0,17,50.375
1,0,18,39.875
1,0,19,26.5
1,0,20,18.5
1,0,21,10.25
1,0,22,7.25
1,0,23,5.625
1,1,0,8.875
1,1,1,31.25
1,1,2,64.125
1,1,3,84.5
1,1,4,78.0
1,1,5,61.375
1,1,6,59.0
1,1,7,62.875
1,1,8,61.875
1,1,9,75.625
1,1,10,68.375
1,1,11,61.375
1,1,12,73.0
1,1,13,94.375
1,1,14,96.125
1,1,15,82.875
1,1,16,76.5
1,1,17,66.5
1,1,18,51.875
1,1,19,31.5
1,1,20,17.5
1,1,21,13.5
1,1,22,7.75
1,1,23,10.25
1,2,0,9.875
1,2,1,30.5
1,2,2,64.625
1,2,3,88.625
1,2,4,76.0
1,2,5,63.625
1,2,6,64.625
1,2,7,60.875
1,2,8,63.0
1,2,9,64.25
1,2,10,64.25
1,2,11,61.5
1,2,12,72.5
1,2,13,98.25
1,2,14,92.25
1,2,15,86.875
1,2,16,87.875
1,2,17,75.375
1,2,18,53.25
1,2,19,35.5
1,2,20,21.375
1,2,21,11.25
1,2,22,10.625
1,2,23,9.5
1,3,0,12.125
1,3,1,32.5
1,3,2,63.5
1,3,3,86.125
1,3,4,85.625
1,3,5,66.375
1,3,6,62.625
1,3,7,68.875
1,3,8,64.5
1,3,9,65.5
1,3,10,72.375
1,3,11,61.625
1,3,12,78.75
1,3,13,95.25
1,3,14,96.375
1,3,15,91.25
1,3,16,95.125
1,3,17,82.5
1,3,18,72.375
1,3,19,53.666666666666664
1,3,20,31.555555555555557
1,3,21,24.88888888888889
1,3,22,15.666666666666666
1,3,23,11.222222222222221
1,4,0,12.7
1,4,1,31.4
1,4,2,56.9
1,4,3,73.3
1,4,4,72.7
1,4,5,56.7
1,4,6,67.9
1,4,7,75.4
1,4,8,72.2
1,4,9,68.5
1,4,10,71.6
1,4,11,60.6
1,4,12,68.7
1,4,13,87.1
1,4,14,93.0
1,4,15,100.0
1,4,16,81.1
1,4,17,85.9
1,4,18,92.1
1,4,19,79.3
1,4,20,58.9
1,4,21,54.3
1,4,22,43.9
1,4,23,24.4
1,5,0,14.2
1,5,1,11.5
1,5,2,17.9
1,5,3,30.4
1,5,4,44.2
1,5,5,51.0
1,5,6,65.9
1,5,7,74.2
1,5,8,68.9
1,5,9,71.5
1,5,10,73.8
1,5,11,66.6
1,5,12,71.8
1,5,13,88.5
1,5,14,96.1
1,5,15,84.6
1,5,16,82.9
1,5,17,90.7
1,5,18,92.9
1,5,19,86.4
1,5,20,81.9
1,5,21,65.7
1,5,22,52.8
1,5,23,36.3
1,6,0,14.0
1,6,1,12.88888888888889
1,6,2,12.88888888888889
1,6,3,21.666666666666668
1,6,4,32.888888888888886
1,6,5,49.333333333333336
1,6,6,59.333333333333336
1,6,7,64.55555555555556
1,6,8,69.88888888888889
1,6,9,71.77777777777777
1,6,10,68.77777777777777
1,6,11,70.44444444444444
1,6,12,67.66666666666667
1,6,13,68.22222222222223
1,6,14,62.333333333333336
1,6,15,57.44444444444444
1,6,16,52.111111111111114
1,6,17,50.111111111111114
1,6,18,39.888888888888886
1,6,19,26.555555555555557
1,6,20,18.333333333333332
1,6,21,11.444444444444445
1,6,22,8.0
1,6,23,8.555555555555555
2,0,0,10.625
2,0,1,26.25
2,0,2,50.25
2,0,3,64.875
2,0,4,61.75
2,0,5,55.375
2,0,6,53.75
2,0,7,60.375
2,0,8,54.25
2,0,9,62.625
2,0,10,57.375
2,0,11,55.625
2,0,12,68.0
2,0,13,84.125
2,0,14,77.25
2,0,15,65.875
2,0,16,60.75
2,0,17,55.25
2,0,18,40.125
2,0,19,22.5
2,0,20,14.375
2,0,21,9.5
2,0,22,7.375
2,0,23,5.375
2,1,0,9.375
2,1,1,30.75
2,1,2,60.125
2,1,3,79.0
2,1,4,71.375
2,1,5,64.125
2,1,6,62.125
2,1,7,61.375
2,1,8,60.625
2,1,9,64.125
2,1,10,65.125
2,1,11,60.125
2,1,12,76.875
2,1,13,85.25
2,1,14,84.5
2,1,15,73.625
2,1,16,78.5
2,1,17,70.375
2,1,18,50.25
2,1,19,30.625
2,1,20,21.75
2,1,21,15.5
2,1,22,8.0
2,1,23,9.375
2,2,0,9.375
2,2,1,30.0
2,2,2,60.5
2,2,3,70.375
2,2,4,71.375
2,2,5,52.75
2,2,6,52.75
2,2,7,57.625
2,2,8,56.5
2,2,9,55.75
2,2,10,56.125
2,2,11,48.75
2,2,12,57.0
2,2,13,72.125
2,2,14,78.875
2,2,15,72.125
2,2,16,78.375
2,2,17,65.875
2,2,18,52.0
2,2,19,40.5
2,2,20,20.25
2,2,21,13.625
2,2,22,8.375
2,2,23,6.0
2,3,0,10.625
2,3,1,29.625
2,3,2,54.625
2,3,3,79.0
2,3,4,66.75
2,3,5,62.125
2,3,6,57.875
2,3,7,68.25
2,3,8,59.75
2,3,9,61.875
2,3,10,69.75
2,3,11,54.375
2,3,12,68.125
2,3,13,89.75
2,3,14,91.5
2,3,15,88.125
2,3,16,86.0
2,3,17,76.875
2,3,18,65.125
2,3,19,47.625
2,3,20,31.5
2,3,21,20.5
2,3,22,14.875
2,3,23,9.0
2,4,0,13.25
2,4,1,25.5
2,4,2,55.375
2,4,3,74.125
2,4,4,61.0
2,4,5,56.375
2,4,6,60.625
2,4,7,62.5
2,4,8,63.125
2,4,9,68.0
2,4,10,62.75
2,4,11,57.5
2,4,12,70.25
2,4,13,91.625
2,4,14,90.75
2,4,15,89.875
2,4,16,79.5
2,4,17,82.375
2,4,18,86.125
2,4,19,75.375
2,4,20,66.5
2,4,21,49.25
2,4,22,43.375
2,4,23,28.375
2,5,0,14.0
2,5,1,12.375
2,5,2,18.0
2,5,3,32.375
2,5,4,43.5
2,5,5,47.875
2,5,6,56.75
2,5,7,61.75
2,5,8,66.125
2,5,9,60.375
2,5,10,68.125
2,5,11,66.125
2,5,12,66.125
2,5,13,90.0
2,5,14,98.375
2,5,15,82.375
2,5,16,80.0
2,5,17,92.875
2,5,18,95.375
2,5,19,89.875
2,5,20,79.375
2,5,21,68.875
2,5,22,50.625
2,5,23,35.5
2,6,0,16.5
2,6,1,12.5
2,6,2,11.875
2,6,3,23.0
2,6,4,35.75
2,6,5,46.5
2,6,6,56.375
2,6,7,59.125
2,6,8,58.5
2,6,9,69.125
2,6,10,60.0
2,6,11,55.625
2,6,12,61.875
2,6,13,75.125
2,6,14,59.5
2,6,15,52.875
2,6,16,53.5
2,6,17,54.75
2,6,18,46.125
2,6,19,40.5
2,6,20,21.25
2,6,21,16.375
2,6,22,9.875
2,6,23,9.25
3,0,0,7.8
3,0,1,13.7
3,0,2,32.7
3,0,3,58.0
3,0,4,71.6
3,0,5,61.0
3,0,6,49.6
3,0,7,50.4
3,0,8,52.2
3,0,9,55.3
3,0,10,59.3
3,0,11,59.0
3,0,12,54.4
3,0,13,66.0
3,0,14,86.6
3,0,15,74.1
3,0,16,71.3
3,0,17,62.0
3,0,18,54.0
3,0,19,38.9
3,0,20,27.2
3,0,21,16.1
3,0,22,9.1
3,0,23,6.6
3,1,0,7.0
3,1,1,15.5
3,1,2,38.5
3,1,3,63.7
3,1,4,75.8
3,1,5,68.5
3,1,6,64.6
3,1,7,56.5
3,1,8,60.3
3,1,9,60.9
3,1,10,64.8
3,1,11,69.7
3,1,12,57.7
3,1,13,74.3
3,1,14,86.1
3,1,15,80.1
3,1,16,74.7
3,1,17,80.6
3,1,18,60.2
3,1,19,49.5
3,1,20,32.2
3,1,21,19.4
3,1,22,11.9
3,1,23,7.1
3,2,0,8.777777777777779
3,2,1,18.444444444444443
3,2,2,43.22222222222222
3,2,3,67.77777777777777
3,2,4,74.0
3,2,5,70.0
3,2,6,59.111111111111114
3,2,7,61.55555555555556
3,2,8,63.888888888888886
3,2,9,61.55555555555556
3,2,10,65.88888888888889
3,2,11,58.44444444444444
3,2,12,60.0
3,2,13,70.0
3,2,14,86.77777777777777
3,2,15,90.33333333333333
3,2,16,76.44444444444444
3,2,17,72.33333333333333
3,2,18,68.88888888888889
3,2,19,51.55555555555556
3,2,20,36.888888888888886
3,2,21,26.333333333333332
3,2,22,14.333333333333334
3,2,23,8.666666666666666
3,3,0,8.75
3,3,1,16.375
3,3,2,40.125
3,3,3,61.5
3,3,4,71.625
3,3,5,64.25
3,3,6,56.5
3,3,7,54.625
3,3,8,64.75
3,3,9,63.5
3,3,10,66.5
3,3,11,62.875
3,3,12,65.625
3,3,13,77.625
3,3,14,89.625
3,3,15,85.75
3,3,16,87.75
3,3,17,84.875
3,3,18,77.0
3,3,19,63.5
3,3,20,53.75
3,3,21,30.625
3,3,22,19.75
3,3,23,14.375
3,4,0,12.75
3,4,1,18.125
3,4,2,44.25
3,4,3,61.625
3,4,4,74.0
3,4,5,67.875
3,4,6,59.75
3,4,7,65.75
3,4,8,70.0
3,4,9,59.25
3,4,10,66.375
3,4,11,56.25
3,4,12,63.125
3,4,13,70.125
3,4,14,93.125
3,4,15,93.25
3,4,16,84.0
3,4,17,84.125
3,4,18,83.125
3,4,19,81.125
3,4,20,77.625
3,4,21,64.0
3,4,22,48.25
3,4,23,41.0
3,5,0,23.5
3,5,1,12.625
3,5,2,17.125
3,5,3,26.125
3,5,4,38.625
3,5,5,45.125
3,5,6,57.5
3,5,7,58.25
3,5,8,62.125
3,5,9,65.625
3,5,10,68.875
3,5,11,61.875
3,5,12,61.875
3,5,13,67.75
3,5,14,74.25
3,5,15,89.25
3,5,16,77.25
3,5,17,73.375
3,5,18,79.625
3,5,19,85.375
3,5,20,87.5
3,5,21,58.5
3,5,22,61.5
3,5,23,48.875
3,6,0,26.22222222222222
3,6,1,14.333333333333334
3,6,2,13.571428571428571
3,6,3,18.666666666666668
3,6,4,24.88888888888889
3,6,5,35.0
3,6,6,43.55555555555556
3,6,7,54.111111111111114
3,6,8,57.44444444444444
3,6,9,57.666666666666664
3,6,10,66.44444444444444
3,6,11,60.22222222222222
3,6,12,59.0
3,6,13,60.44444444444444
3,6,14,55.44444444444444
3,6,15,54.666666666666664
3,6,16,49.111111111111114
3,6,17,43.44444444444444
3,6,18,41.111111111111114
3,6,19,36.44444444444444
3,6,20,26.11111111111111
3,6,21,15.444444444444445
3,6,22,8.88888888888889
3,6,23,7.666666666666667
4,0,0,6.875
4,0,1,10.625
4,0,2,32.25
4,0,3,54.875
4,0,4,75.875
4,0,5,78.375
4,0,6,63.5
4,0,7,55.0
4,0,8,55.5
4,0,9,61.625
4,0,10,62.75
4,0,11,70.75
4,0,12,57.25
4,0,13,63.5
4,0,14,79.125
4,0,15,85.375
4,0,16,76.75
4,0,17,68.875
4,0,18,64.0
4,0,19,46.375
4,0,20,32.375
4,0,21,21.0
4,0,22,9.875
4,0,23,8.25
4,1,0,6.625
4,1,1,8.875
4,1,2,28.75
4,1,3,64.5
4,1,4,78.125
4,1,5,87.625
4,1,6,64.125
4,1,7,68.75
4,1,8,67.875
4,1,9,64.875
4,1,10,71.625
4,1,11,68.25
4,1,12,63.625
4,1,13,71.0
4,1,14,102.5
4,1,15,100.375
4,1,16,82.25
4,1,17,87.875
4,1,18,80.625
4,1,19,60.875
4,1,20,39.0
4,1,21,23.375
4,1,22,12.375
4,1,23,8.75
4,2,0,7.666666666666667
4,2,1,11.222222222222221
4,2,2,31.666666666666668
4,2,3,67.0
4,2,4,80.33333333333333
4,2,5,74.44444444444444
4,2,6,65.33333333333333
4,2,7,61.0
4,2,8,67.66666666666667
4,2,9,60.888888888888886
4,2,10,68.55555555555556
4,2,11,72.0
4,2,12,65.77777777777777
4,2,13,74.22222222222223
4,2,14,97.77777777777777
4,2,15,96.44444444444444
4,2,16,90.88888888888889
4,2,17,82.33333333333333
4,2,18,79.44444444444444
4,2,19,67.0
4,2,20,42.22222222222222
4,2,21,25.444444444444443
4,2,22,14.88888888888889
4,2,23,10.777777777777779
4,3,0,8.2
4,3,1,11.3
4,3,2,36.1
4,3,3,65.1
4,3,4,83.6
4,3,5,77.0
4,3,6,66.8
4,3,7,72.1
4,3,8,72.5
4,3,9,66.8
4,3,10,77.0
4,3,11,68.6
4,3,12,60.4
4,3,13,73.7
4,3,14,89.8
4,3,15,107.9
4,3,16,90.3
4,3,17,98.0
4,3,18,97.5
4,3,19,79.2
4,3,20,63.5
4,3,21,37.2
4,3,22,29.7
4,3,23,18.4
4,4,0,16.22222222222222
4,4,1,13.333333333333334
4,4,2,34.77777777777778
4,4,3,63.77777777777778
4,4,4,72.88888888888889
4,4,5,77.0
4,4,6,68.88888888888889
4,4,7,70.88888888888889
4,4,8,65.77777777777777
4,4,9,66.77777777777777
4,4,10,81.66666666666667
4,4,11,69.11111111111111
4,4,12,63.111111111111114
4,4,13,78.44444444444444
4,4,14,97.22222222222223
4,4,15,97.33333333333333
4,4,16,96.33333333333333
4,4,17,89.44444444444444
4,4,18,92.0
4,4,19,92.77777777777777
4,4,20,84.22222222222223
4,4,21,76.44444444444444
4,4,22,59.44444444444444
4,4,23,44.44444444444444
4,5,0,32.375
4,5,1,14.25
4,5,2,13.875
4,5,3,21.125
4,5,4,32.875
4,5,5,44.25
4,5,6,60.75
4,5,7,66.0
4,5,8,78.0
4,5,9,79.625
4,5,10,67.0
4,5,11,76.125
4,5,12,63.375
4,5,13,64.0
4,5,14,86.5
4,5,15,93.5
4,5,16,85.125
4,5,17,75.875
4,5,18,88.125
4,5,19,89.25
4,5,20,90.0
4,5,21,79.125
4,5,22,64.5
4,5,23,50.0
4,6,0,33.875
4,6,1,14.875
4,6,2,12.875
4,6,3,19.625
4,6,4,25.5
4,6,5,38.875
4,6,6,49.875
4,6,7,67.0
4,6,8,64.625
4,6,9,64.625
4,6,10,66.25
4,6,11,58.0
4,6,12,62.125
4,6,13,64.375
4,6,14,63.0
4,6,15,64.125
4,6,16,60.875
4,6,17,52.875
4,6,18,50.625
4,6,19,39.875
4,6,20,24.25
4,6,21,17.375
4,6,22,10.75
4,6,23,7.25
5,0,0,8.444444444444445
5,0,1,9.666666666666666
5,0,2,29.88888888888889
5,0,3,56.888888888888886
5,0,4,65.88888888888889
5,0,5,59.888888888888886
5,0,6,64.55555555555556
5,0,7,57.22222222222222
5,0,8,62.55555555555556
5,0,9,64.44444444444444
5,0,10,71.77777777777777
5,0,11,64.44444444444444
5,0,12,60.44444444444444
5,0,13,72.33333333333333
5,0,14,79.44444444444444
5,0,15,76.33333333333333
5,0,16,72.22222222222223
5,0,17,67.66666666666667
5,0,18,67.88888888888889
5,0,19,49.77777777777778
5,0,20,34.0
5,0,21,19.11111111111111
5,0,22,11.555555555555555
5,0,23,9.11111111111111
5,1,0,8.125
5,1,1,8.875
5,1,2,35.0
5,1,3,68.0
5,1,4,80.0
5,1,5,77.625
5,1,6,72.75
5,1,7,64.75
5,1,8,71.625
5,1,9,69.5
5,1,10,74.625
5,1,11,76.625
5,1,12,62.0
5,1,13,76.375
5,1,14,91.5
5,1,15,89.875
5,1,16,81.5
5,1,17,84.875
5,1,18,79.875
5,1,19,59.5
5,1,20,48.625
5,1,21,24.5
5,1,22,14.25
5,1,23,12.875
5,2,0,7.125
5,2,1,9.875
5,2,2,36.25
5,2,3,69.25
5,2,4,87.25
5,2,5,76.625
5,2,6,77.625
5,2,7,71.5
5,2,8,75.75
5,2,9,67.5
5,2,10,77.0
5,2,11,73.25
5,2,12,59.0
5,2,13,73.625
5,2,14,98.0
5,2,15,96.875
5,2,16,86.25
5,2,17,82.625
5,2,18,89.25
5,2,19,72.125
5,2,20,49.875
5,2,21,27.25
5,2,22,18.875
5,2,23,12.375
5,3,0,10.5
5,3,1,14.5
5,3,2,35.625
5,3,3,68.5
5,3,4,79.75
5,3,5,80.0
5,3,6,70.375
5,3,7,69.875
5,3,8,71.875
5,3,9,78.25
5,3,10,81.5
5,3,11,68.5
5,3,12,65.5
5,3,13,82.875
5,3,14,95.0
5,3,15,101.875
5,3,16,85.25
5,3,17,91.875
5,3,18,92.125
5,3,19,81.375
5,3,20,57.0
5,3,21,40.0
5,3,22,25.375
5,3,23,18.75
5,4,0,12.777777777777779
5,4,1,13.88888888888889
5,4,2,32.0
5,4,3,65.11111111111111
5,4,4,74.33333333333333
5,4,5,77.0
5,4,6,66.55555555555556
5,4,7,65.88888888888889
5,4,8,72.22222222222223
5,4,9,67.55555555555556
5,4,10,66.77777777777777
5,4,11,73.44444444444444
5,4,12,55.44444444444444
5,4,13,71.33333333333333
5,4,14,90.88888888888889
5,4,15,89.33333333333333
5,4,16,87.44444444444444
5,4,17,90.55555555555556
5,4,18,89.22222222222223
5,4,19,93.0
5,4,20,81.0
5,4,21,73.88888888888889
5,4,22,60.111111111111114
5,4,23,43.666666666666664
5,5,0,31.3
5,5,1,15.6
5,5,2,14.1
5,5,3,24.3
5,5,4,33.2
5,5,5,48.4
5,5,6,54.5
5,5,7,60.9
5,5,8,67.0
5,5,9,74.7
5,5,10,69.4
5,5,11,66.5
5,5,12,62.7
5,5,13,74.3
5,5,14,80.9
5,5,15,83.4
5,5,16,84.8
5,5,17,84.4
5,5,18,83.2
5,5,19,85.2
5,5,20,81.1
5,5,21,71.6
5,5,22,67.0
5,5,23,57.8
5,6,0,29.7
5,6,1,13.6
5,6,2,12.3
5,6,3,16.0
5,6,4,22.1
5,6,5,37.3
5,6,6,50.5
5,6,7,64.2
5,6,8,70.7
5,6,9,72.6
5,6,10,61.9
5,6,11,56.8
5,6,12,61.6
5,6,13,66.1
5,6,14,63.7
5,6,15,58.9
5,6,16,56.4
5,6,17,53.2
5,6,18,58.8
5,6,19,48.4
5,6,20,30.8
5,6,21,20.4
5,6,22,14.9
5,6,23,10.9
6,0,0,7.375
6,0,1,13.444444444444445
6,0,2,34.111111111111114
6,0,3,59.77777777777778
6,0,4,68.88888888888889
6,0,5,69.44444444444444
6,0,6,58.0
6,0,7,60.111111111111114
6,0,8,63.22222222222222
6,0,9,62.888888888888886
6,0,10,65.33333333333333
6,0,11,69.33333333333333
6,0,12,63.77777777777778
6,0,13,70.11111111111111
6,0,14,81.88888888888889
6,0,15,84.44444444444444
6,0,16,67.88888888888889
6,0,17,73.55555555555556
6,0,18,64.44444444444444
6,0,19,50.666666666666664
6,0,20,34.22222222222222
6,0,21,21.444444444444443
6,0,22,12.0
6,0,23,9.11111111111111
6,1,0,7.3
6,1,1,11.8
6,1,2,31.9
6,1,3,65.4
6,1,4,84.9
6,1,5,71.7
6,1,6,62.8
6,1,7,64.1
6,1,8,74.5
6,1,9,69.6
6,1,10,74.6
6,1,11,70.4
6,1,12,61.2
6,1,13,75.1
6,1,14,91.2
6,1,15,89.5
6,1,16,86.2
6,1,17,79.3
6,1,18,75.5
6,1,19,63.8
6,1,20,44.6
6,1,21,27.2
6,1,22,15.3
6,1,23,10.1
6,2,0,8.0
6,2,1,12.555555555555555
6,2,2,38.22222222222222
6,2,3,61.55555555555556
6,2,4,83.88888888888889
6,2,5,80.44444444444444
6,2,6,66.11111111111111
6,2,7,70.22222222222223
6,2,8,70.44444444444444
6,2,9,74.88888888888889
6,2,10,74.22222222222223
6,2,11,66.77777777777777
6,2,12,59.44444444444444
6,2,13,73.88888888888889
6,2,14,88.0
6,2,15,98.11111111111111
6,2,16,90.77777777777777
6,2,17,89.22222222222223
6,2,18,89.77777777777777
6,2,19,79.44444444444444
6,2,20,43.55555555555556
6,2,21,31.666666666666668
6,2,22,16.444444444444443
6,2,23,13.444444444444445
6,3,0,12.125
6,3,1,11.5
6,3,2,36.25
6,3,3,63.25
6,3,4,81.75
6,3,5,76.75
6,3,6,75.75
6,3,7,73.5
6,3,8,77.125
6,3,9,78.25
6,3,10,68.625
6,3,11,67.875
6,3,12,52.125
6,3,13,68.375
6,3,14,91.0
6,3,15,99.5
6,3,16,92.25
6,3,17,90.875
6,3,18,88.375
6,3,19,79.5
6,3,20,69.0
6,3,21,49.75
6,3,22,29.0
6,3,23,20.25
6,4,0,14.0
6,4,1,13.625
6,4,2,33.375
6,4,3,66.0
6,4,4,85.75
6,4,5,82.375
6,4,6,69.75
6,4,7,70.75
6,4,8,73.0
6,4,9,71.375
6,4,10,69.75
6,4,11,69.875
6,4,12,54.25
6,4,13,71.875
6,4,14,87.25
6,4,15,101.25
6,4,16,88.875
6,4,17,78.125
6,4,18,82.625
6,4,19,94.375
6,4,20,89.125
6,4,21,68.125
6,4,22,57.375
6,4,23,41.75
6,5,0,27.875
6,5,1,14.125
6,5,2,14.625
6,5,3,24.875
6,5,4,30.75
6,5,5,46.375
6,5,6,49.125
6,5,7,58.25
6,5,8,66.375
6,5,9,66.75
6,5,10,68.5
6,5,11,59.5
6,5,12,59.125
6,5,13,69.5
6,5,14,82.375
6,5,15,85.125
6,5,16,70.625
6,5,17,72.5
6,5,18,82.25
6,5,19,93.625
6,5,20,83.5
6,5,21,78.5
6,5,22,67.875
6,5,23,49.375
6,6,0,37.625
6,6,1,15.125
6,6,2,12.0
6,6,3,16.125
6,6,4,24.875
6,6,5,35.0
6,6,6,43.75
6,6,7,52.375
6,6,8,59.5
6,6,9,60.875
6,6,10,60.625
6,6,11,57.75
6,6,12,56.75
6,6,13,59.125
6,6,14,69.625
6,6,15,58.625
6,6,16,56.75
6,6,17,60.0
6,6,18,60.0
6,6,19,49.875
6,6,20,33.125
6,6,21,19.5
6,6,22,12.625
6,6,23,9.5
7,0,0,9.5
7,0,1,11.0
7,0,2,32.125
7,0,3,48.625
7,0,4,69.875
7,0,5,64.0
7,0,6,53.0
7,0,7,52.5
7,0,8,57.0
7,0,9,55.125
7,0,10,68.625
7,0,11,62.75
7,0,12,55.75
7,0,13,67.875
7,0,14,67.625
7,0,15,78.5
7,0,16,72.25
7,0,17,64.25
7,0,18,60.375
7,0,19,44.375
7,0,20,30.0
7,0,21,18.0
7,0,22,12.875
7,0,23,9.375
7,1,0,6.875
7,1,1,12.625
7,1,2,38.0
7,1,3,60.375
7,1,4,83.25
7,1,5,69.75
7,1,6,62.125
7,1,7,66.25
7,1,8,69.25
7,1,9,70.875
7,1,10,66.5
7,1,11,68.625
7,1,12,53.5
7,1,13,66.625
7,1,14,90.5
7,1,15,91.875
7,1,16,83.5
7,1,17,82.625
7,1,18,71.375
7,1,19,61.25
7,1,20,41.5
7,1,21,23.75
7,1,22,19.875
7,1,23,10.5
7,2,0,6.777777777777778
7,2,1,10.333333333333334
7,2,2,31.444444444444443
7,2,3,58.111111111111114
7,2,4,74.55555555555556
7,2,5,73.33333333333333
7,2,6,67.22222222222223
7,2,7,67.44444444444444
7,2,8,68.22222222222223
7,2,9,74.0
7,2,10,71.11111111111111
7,2,11,67.66666666666667
7,2,12,63.22222222222222
7,2,13,74.0
7,2,14,89.0
7,2,15,94.66666666666667
7,2,16,94.77777777777777
7,2,17,83.0
7,2,18,79.66666666666667
7,2,19,68.66666666666667
7,2,20,48.44444444444444
7,2,21,26.444444444444443
7,2,22,19.555555555555557
7,2,23,14.444444444444445
7,3,0,9.5
7,3,1,11.5
7,3,2,30.9
7,3,3,55.8
7,3,4,78.2
7,3,5,76.2
7,3,6,62.2
7,3,7,65.6
7,3,8,68.9
7,3,9,64.2
7,3,10,69.9
7,3,11,70.6
7,3,12,55.5
7,3,13,67.0
7,3,14,88.8
7,3,15,98.4
7,3,16,86.5
7,3,17,83.7
7,3,18,83.0
7,3,19,80.2
7,3,20,63.7
7,3,21,46.5
7,3,22,31.9
7,3,23,20.9
7,4,0,14.5
7,4,1,14.3
7,4,2,32.9
7,4,3,50.4
7,4,4,74.6
7,4,5,69.1
7,4,6,71.8
7,4,7,64.2
7,4,8,71.2
7,4,9,68.0
7,4,10,69.2
7,4,11,63.0
7,4,12,56.1
7,4,13,65.9
7,4,14,85.3
7,4,15,95.9
7,4,16,81.8
7,4,17,79.0
7,4,18,78.8
7,4,19,85.2
7,4,20,77.0
7,4,21,66.7
7,4,22,57.0
7,4,23,45.7
7,5,0,28.333333333333332
7,5,1,15.333333333333334
7,5,2,13.88888888888889
7,5,3,19.444444444444443
7,5,4,27.88888888888889
7,5,5,39.0
7,5,6,46.333333333333336
7,5,7,51.55555555555556
7,5,8,58.333333333333336
7,5,9,58.77777777777778
7,5,10,59.666666666666664
7,5,11,55.666666666666664
7,5,12,58.111111111111114
7,5,13,58.888888888888886
7,5,14,65.0
7,5,15,77.66666666666667
7,5,16,63.333333333333336
7,5,17,64.33333333333333
7,5,18,66.77777777777777
7,5,19,82.0
7,5,20,76.33333333333333
7,5,21,73.77777777777777
7,5,22,59.55555555555556
7,5,23,47.333333333333336
7,6,0,30.625
7,6,1,14.625
7,6,2,11.375
7,6,3,13.125
7,6,4,22.375
7,6,5,32.375
7,6,6,40.75
7,6,7,49.875
7,6,8,48.625
7,6,9,57.875
7,6,10,61.125
7,6,11,59.625
7,6,12,55.375
7,6,13,56.625
7,6,14,62.0
7,6,15,70.125
7,6,16,56.0
7,6,17,50.875
7,6,18,55.375
7,6,19,51.0
7,6,20,31.0
7,6,21,19.25
7,6,22,12.75
7,6,23,8.625
8,0,0,7.1
8,0,1,11.8
8,0,2,26.5
8,0,3,49.0
8,0,4,67.1
8,0,5,65.8
8,0,6,53.2
8,0,7,51.4
8,0,8,55.1
8,0,9,60.1
8,0,10,57.9
8,0,11,55.5
8,0,12,53.6
8,0,13,68.2
8,0,14,78.0
8,0,15,69.5
8,0,16,62.2
8,0,17,61.1
8,0,18,54.1
8,0,19,43.2
8,0,20,31.2
8,0,21,19.5
8,0,22,12.3
8,0,23,7.5
8,1,0,8.444444444444445
8,1,1,10.222222222222221
8,1,2,29.555555555555557
8,1,3,51.666666666666664
8,1,4,66.88888888888889
8,1,5,70.22222222222223
8,1,6,59.888888888888886
8,1,7,59.333333333333336
8,1,8,66.44444444444444
8,1,9,61.888888888888886
8,1,10,64.88888888888889
8,1,11,60.44444444444444
8,1,12,58.666666666666664
8,1,13,71.44444444444444
8,1,14,77.88888888888889
8,1,15,79.11111111111111
8,1,16,76.11111111111111
8,1,17,73.11111111111111
8,1,18,69.77777777777777
8,1,19,51.55555555555556
8,1,20,36.888888888888886
8,1,21,23.88888888888889
8,1,22,18.444444444444443
8,1,23,11.555555555555555
8,2,0,8.625
8,2,1,9.375
8,2,2,28.75
8,2,3,56.125
8,2,4,69.875
8,2,5,71.875
8,2,6,59.125
8,2,7,57.5
8,2,8,67.875
8,2,9,61.5
8,2,10,63.875
8,2,11,68.125
8,2,12,51.125
8,2,13,65.5
8,2,14,77.75
8,2,15,77.125
8,2,16,75.5
8,2,17,70.125
8,2,18,72.25
8,2,19,59.25
8,2,20,47.0
8,2,21,29.0
8,2,22,16.125
8,2,23,12.5
8,3,0,8.625
8,3,1,12.125
8,3,2,31.5
8,3,3,57.375
8,3,4,73.25
8,3,5,68.25
8,3,6,64.875
8,3,7,62.625
8,3,8,64.75
8,3,9,66.5
8,3,10,65.75
8,3,11,59.125
8,3,12,53.5
8,3,13,65.875
8,3,14,73.25
8,3,15,96.625
8,3,16,81.375
8,3,17,88.875
8,3,18,74.375
8,3,19,72.25
8,3,20,62.75
8,3,21,43.5
8,3,22,27.75
8,3,23,20.25
8,4,0,14.875
8,4,1,14.375
8,4,2,29.0
8,4,3,47.375
8,4,4,65.5
8,4,5,72.0
8,4,6,59.25
8,4,7,52.5
8,4,8,66.5
8,4,9,69.5
8,4,10,60.625
8,4,11,60.625
8,4,12,56.25
8,4,13,64.75
8,4,14,82.75
8,4,15,91.875
8,4,16,81.25
8,4,17,74.5
8,4,18,68.125
8,4,19,78.75
8,4,20,81.375
8,4,21,65.5
8,4,22,53.375
8,4,23,44.125
8,5,0,31.22222222222222
8,5,1,13.777777777777779
8,5,2,10.444444444444445
8,5,3,20.333333333333332
8,5,4,26.11111111111111
8,5,5,37.111111111111114
8,5,6,47.22222222222222
8,5,7,47.44444444444444
8,5,8,49.333333333333336
8,5,9,59.333333333333336
8,5,10,56.888888888888886
8,5,11,54.888888888888886
8,5,12,53.111111111111114
8,5,13,62.44444444444444
8,5,14,67.44444444444444
8,5,15,71.11111111111111
8,5,16,63.77777777777778
8,5,17,64.33333333333333
8,5,18,72.88888888888889
8,5,19,76.0
8,5,20,80.0
8,5,21,74.55555555555556
8,5,22,64.11111111111111
8,5,23,48.888888888888886
8,6,0,30.8
8,6,1,12.4
8,6,2,11.6
8,6,3,14.9
8,6,4,19.8
8,6,5,31.1
8,6,6,42.6
8,6,7,48.9
8,6,8,46.3
8,6,9,57.2
8,6,10,61.0
8,6,11,59.3
8,6,12,54.5
8,6,13,58.5
8,6,14,60.2
8,6,15,59.0
8,6,16,50.0
8,6,17,42.9
8,6,18,43.3
8,6,19,41.9
8,6,20,26.9
8,6,21,16.6
8,6,22,9.5
8,6,23,8.0
9,0,0,11.25
9,0,1,13.625
9,0,2,27.25
9,0,3,46.75
9,0,4,55.75
9,0,5,56.375
9,0,6,51.0
9,0,7,54.75
9,0,8,52.875
9,0,9,63.5
9,0,10,62.375
9,0,11,60.375
9,0,12,59.0
9,0,13,73.5
9,0,14,80.25
9,0,15,81.875
9,0,16,76.75
9,0,17,64.0
9,0,18,56.25
9,0,19,44.125
9,0,20,27.5
9,0,21,16.625
9,0,22,10.625
9,0,23,9.125
9,1,0,8.333333333333334
9,1,1,12.666666666666666
9,1,2,32.77777777777778
9,1,3,62.0
9,1,4,71.66666666666667
9,1,5,71.0
9,1,6,71.55555555555556
9,1,7,59.888888888888886
9,1,8,63.44444444444444
9,1,9,67.44444444444444
9,1,10,66.33333333333333
9,1,11,68.55555555555556
9,1,12,59.77777777777778
9,1,13,69.44444444444444
9,1,14,82.77777777777777
9,1,15,88.55555555555556
9,1,16,82.22222222222223
9,1,17,82.44444444444444
9,1,18,66.77777777777777
9,1,19,59.44444444444444
9,1,20,39.666666666666664
9,1,21,26.22222222222222
9,1,22,15.777777777777779
9,1,23,10.777777777777779
9,2,0,8.4
9,2,1,9.8
9,2,2,35.0
9,2,3,65.9
9,2,4,80.7
9,2,5,74.2
9,2,6,65.1
9,2,7,69.4
9,2,8,66.0
9,2,9,65.8
9,2,10,72.8
9,2,11,64.3
9,2,12,55.0
9,2,13,67.7
9,2,14,82.9
9,2,15,93.1
9,2,16,82.2
9,2,17,85.6
9,2,18,81.2
9,2,19,65.1
9,2,20,50.1
9,2,21,25.5
9,2,22,17.9
9,2,23,12.8
9,3,0,10.222222222222221
9,3,1,13.555555555555555
9,3,2,30.666666666666668
9,3,3,58.333333333333336
9,3,4,74.88888888888889
9,3,5,75.0
9,3,6,69.33333333333333
9,3,7,68.11111111111111
9,3,8,66.55555555555556
9,3,9,72.77777777777777
9,3,10,74.33333333333333
9,3,11,70.0
9,3,12,59.55555555555556
9,3,13,66.88888888888889
9,3,14,81.88888888888889
9,3,15,85.44444444444444
9,3,16,86.0
9,3,17,83.44444444444444
9,3,18,91.44444444444444
9,3,19,86.11111111111111
9,3,20,59.111111111111114
9,3,21,41.44444444444444
9,3,22,31.0
9,3,23,16.333333333333332
9,4,0,14.75
9,4,1,14.0
9,4,2,31.375
9,4,3,59.5
9,4,4,81.0
9,4,5,76.375
9,4,6,58.875
9,4,7,66.0
9,4,8,68.75
9,4,9,61.75
9,4,10,70.625
9,4,11,68.375
9,4,12,59.375
9,4,13,67.125
9,4,14,82.25
9,4,15,84.0
9,4,16,84.125
9,4,17,80.0
9,4,18,78.75
9,4,19,89.5
9,4,20,77.25
9,4,21,69.25
9,4,22,55.75
9,4,23,46.25
9,5,0,31.25
9,5,1,13.625
9,5,2,15.625
9,5,3,22.5
9,5,4,35.75
9,5,5,45.375
9,5,6,53.125
9,5,7,54.875
9,5,8,62.75
9,5,9,70.75
9,5,10,69.25
9,5,11,63.0
9,5,12,55.625
9,5,13,68.5
9,5,14,74.125
9,5,15,81.875
9,5,16,75.0
9,5,17,77.125
9,5,18,79.5
9,5,19,83.125
9,5,20,90.75
9,5,21,82.125
9,5,22,63.875
9,5,23,58.625
9,6,0,37.5
9,6,1,18.25
9,6,2,13.75
9,6,3,18.125
9,6,4,22.625
9,6,5,38.125
9,6,6,51.875
9,6,7,62.0
9,6,8,69.125
9,6,9,65.5
9,6,10,72.0
9,6,11,60.125
9,6,12,63.125
9,6,13,63.25
9,6,14,69.0
9,6,15,63.25
9,6,16,57.5
9,6,17,56.875
9,6,18,53.875
9,6,19,42.0
9,6,20,36.0
9,6,21,22.625
9,6,22,17.25
9,6,23,11.875
10,0,0,9.875
10,0,1,12.625
10,0,2,33.625
10,0,3,55.625
10,0,4,72.625
10,0,5,69.5
10,0,6,59.875
10,0,7,55.75
10,0,8,60.375
10,0,9,64.5
10,0,10,64.875
10,0,11,72.125
10,0,12,54.625
10,0,13,74.0
10,0,14,93.75
10,0,15,84.0
10,0,16,78.25
10,0,17,65.25
10,0,18,62.875
10,0,19,41.875
10,0,20,31.5
10,0,21,17.875
10,0,22,12.625
10,0,23,8.25
10,1,0,6.75
10,1,1,11.125
10,1,2,34.25
10,1,3,62.625
10,1,4,81.75
10,1,5,83.0
10,1,6,69.5
10,1,7,64.375
10,1,8,69.625
10,1,9,66.0
10,1,10,75.625
10,1,11,74.625
10,1,12,60.375
10,1,13,72.625
10,1,14,84.75
10,1,15,86.375
10,1,16,83.25
10,1,17,80.25
10,1,18,78.5
10,1,19,58.125
10,1,20,41.25
10,1,21,25.25
10,1,22,14.625
10,1,23,8.75
10,2,0,9.125
10,2,1,13.125
10,2,2,33.25
10,2,3,73.75
10,2,4,85.0
10,2,5,70.875
10,2,6,70.125
10,2,7,68.75
10,2,8,74.875
10,2,9,64.5
10,2,10,68.125
10,2,11,75.875
10,2,12,57.125
10,2,13,74.375
10,2,14,89.125
10,2,15,94.625
10,2,16,93.75
10,2,17,88.875
10,2,18,80.375
10,2,19,64.5
10,2,20,42.5
10,2,21,26.875
10,2,22,16.625
10,2,23,13.25
10,3,0,8.333333333333334
10,3,1,13.444444444444445
10,3,2,30.444444444444443
10,3,3,61.55555555555556
10,3,4,78.66666666666667
10,3,5,76.0
10,3,6,67.33333333333333
10,3,7,75.77777777777777
10,3,8,73.88888888888889
10,3,9,73.77777777777777
10,3,10,82.44444444444444
10,3,11,71.0
10,3,12,53.0
10,3,13,71.33333333333333
10,3,14,95.44444444444444
10,3,15,100.11111111111111
10,3,16,99.33333333333333
10,3,17,93.77777777777777
10,3,18,89.66666666666667
10,3,19,83.88888888888889
10,3,20,64.0
10,3,21,44.0
10,3,22,29.444444444444443
10,3,23,16.333333333333332
10,4,0,14.4
10,4,1,12.5
10,4,2,33.6
10,4,3,61.9
10,4,4,80.5
10,4,5,79.6
10,4,6,65.9
10,4,7,63.5
10,4,8,62.7
10,4,9,66.8
10,4,10,73.8
10,4,11,67.3
10,4,12,50.1
10,4,13,76.5
10,4,14,83.5
10,4,15,96.1
10,4,16,87.3
10,4,17,86.0
10,4,18,87.4
10,4,19,87.5
10,4,20,88.2
10,4,21,72.7
10,4,22,60.6
10,4,23,45.8
10,5,0,28.5
10,5,1,15.3
10,5,2,14.5
10,5,3,22.6
10,5,4,38.6
10,5,5,52.1
10,5,6,58.9
10,5,7,60.7
10,5,8,74.0
10,5,9,75.4
10,5,10,76.6
10,5,11,70.4
10,5,12,57.0
10,5,13,73.2
10,5,14,78.5
10,5,15,85.1
10,5,16,84.1
10,5,17,81.1
10,5,18,82.9
10,5,19,89.1
10,5,20,82.3
10,5,21,87.7
10,5,22,73.4
10,5,23,56.1
10,6,0,38.55555555555556
10,6,1,15.666666666666666
10,6,2,11.777777777777779
10,6,3,16.88888888888889
10,6,4,23.555555555555557
10,6,5,35.77777777777778
10,6,6,48.888888888888886
10,6,7,58.55555555555556
10,6,8,66.11111111111111
10,6,9,70.22222222222223
10,6,10,66.55555555555556
10,6,11,60.0
10,6,12,57.333333333333336
10,6,13,60.77777777777778
10,6,14,63.22222222222222
10,6,15,63.666666666666664
10,6,16,60.0
10,6,17,54.44444444444444
10,6,18,51.333333333333336
10,6,19,42.22222222222222
10,6,20,32.333333333333336
10,6,21,19.666666666666668
10,6,22,14.0
10,6,23,8.11111111111111
11,0,0,11.6
11,0,1,31.4
11,0,2,60.9
11,0,3,83.0
11,0,4,69.7
11,0,5,64.7
11,0,6,59.3
11,0,7,66.1
11,0,8,64.2
11,0,9,66.2
11,0,10,64.8
11,0,11,59.5
11,0,12,69.1
11,0,13,85.9
11,0,14,80.6
11,0,15,77.6
11,0,16,80.1
11,0,17,59.1
11,0,18,50.0
11,0,19,31.2
11,0,20,19.2
11,0,21,12.2
11,0,22,8.9
11,0,23,7.3
11,1,0,9.444444444444445
11,1,1,29.444444444444443
11,1,2,60.666666666666664
11,1,3,75.33333333333333
11,1,4,77.66666666666667
11,1,5,68.55555555555556
11,1,6,69.11111111111111
11,1,7,73.0
11,1,8,71.33333333333333
11,1,9,72.88888888888889
11,1,10,70.66666666666667
11,1,11,58.0
11,1,12,68.88888888888889
11,1,13,81.22222222222223
11,1,14,96.0
11,1,15,85.77777777777777
11,1,16,81.77777777777777
11,1,17,75.33333333333333
11,1,18,62.77777777777778
11,1,19,43.22222222222222
11,1,20,24.88888888888889
11,1,21,16.0
11,1,22,11.0
11,1,23,11.333333333333334
11,2,0,10.5
11,2,1,32.125
11,2,2,61.125
11,2,3,77.0
11,2,4,81.0
11,2,5,63.0
11,2,6,64.0
11,2,7,69.25
11,2,8,72.125
11,2,9,68.625
11,2,10,71.375
11,2,11,56.75
11,2,12,77.25
11,2,13,76.875
11,2,14,95.0
11,2,15,78.75
11,2,16,83.25
11,2,17,84.25
11,2,18,64.0
11,2,19,51.0
11,2,20,29.75
11,2,21,23.875
11,2,22,15.625
11,2,23,14.375
11,3,0,11.25
11,3,1,29.5
11,3,2,52.25
11,3,3,70.125
11,3,4,70.625
11,3,5,60.125
11,3,6,59.125
11,3,7,65.375
11,3,8,62.5
11,3,9,71.5
11,3,10,62.75
11,3,11,54.75
11,3,12,64.75
11,3,13,78.375
11,3,14,83.875
11,3,15,83.625
11,3,16,84.5
11,3,17,75.0
11,3,18,71.875
11,3,19,51.375
11,3,20,42.125
11,3,21,22.25
11,3,22,16.75
11,3,23,12.375
11,4,0,12.875
11,4,1,25.75
11,4,2,47.5
11,4,3,76.0
11,4,4,70.375
11,4,5,64.625
11,4,6,64.75
11,4,7,64.5
11,4,8,75.0
11,4,9,70.0
11,4,10,71.625
11,4,11,56.0
11,4,12,73.625
11,4,13,77.5
11,4,14,95.625
11,4,15,88.5
11,4,16,81.375
11,4,17,87.375
11,4,18,92.875
11,4,19,80.875
11,4,20,68.5
11,4,21,57.625
11,4,22,44.5
11,4,23,31.375
11,5,0,15.75
11,5,1,13.5
11,5,2,19.75
11,5,3,31.25
11,5,4,46.875
11,5,5,55.375
11,5,6,68.25
11,5,7,61.25
11,5,8,75.875
11,5,9,75.125
11,5,10,79.75
11,5,11,58.625
11,5,12,70.875
11,5,13,80.75
11,5,14,84.625
11,5,15,79.375
11,5,16,81.0
11,5,17,90.625
11,5,18,86.75
11,5,19,91.25
11,5,20,73.625
11,5,21,71.375
11,5,22,54.625
11,5,23,35.25
11,6,0,18.555555555555557
11,6,1,14.0
11,6,2,18.444444444444443
11,6,3,27.11111111111111
11,6,4,39.22222222222222
11,6,5,52.44444444444444
11,6,6,60.666666666666664
11,6,7,65.22222222222223
11,6,8,72.33333333333333
11,6,9,71.33333333333333
11,6,10,65.0
11,6,11,58.44444444444444
11,6,12,64.66666666666667
11,6,13,64.0
11,6,14,68.22222222222223
11,6,15,59.666666666666664
11,6,16,51.333333333333336
11,6,17,50.22222222222222
11,6,18,40.77777777777778
11,6,19,28.555555555555557
11,6,20,16.333333333333332
11,6,21,9.777777777777779
11,6,22,6.555555555555555
11,6,23,8.444444444444445
12,0,0,10.875
12,0,1,33.714285714285715
12,0,2,45.0
12,0,3,71.42857142857143
12,0,4,58.75
12,0,5,54.625
12,0,6,55.25
12,0,7,63.75
12,0,8,59.625
12,0,9,60.125
12,0,10,58.5
12,0,11,55.75
12,0,12,58.5
12,0,13,76.0
12,0,14,72.375
12,0,15,74.0
12,0,16,68.125
12,0,17,64.625
12,0,18,49.125
12,0,19,33.25
12,0,20,19.5
12,0,21,14.375
12,0,22,12.0
12,0,23,7.375
12,1,0,8.444444444444445
12,1,1,25.666666666666668
12,1,2,60.77777777777778
12,1,3,74.44444444444444
12,1,4,70.22222222222223
12,1,5,63.333333333333336
12,1,6,61.77777777777778
12,1,7,70.22222222222223
12,1,8,69.88888888888889
12,1,9,67.77777777777777
12,1,10,72.44444444444444
12,1,11,55.55555555555556
12,1,12,67.66666666666667
12,1,13,85.11111111111111
12,1,14,85.44444444444444
12,1,15,84.88888888888889
12,1,16,83.55555555555556
12,1,17,78.88888888888889
12,1,18,65.55555555555556
12,1,19,46.666666666666664
12,1,20,30.333333333333332
12,1,21,18.444444444444443
12,1,22,13.444444444444445
12,1,23,9.555555555555555
12,2,0,12.2
12,2,1,31.3
12,2,2,54.0
12,2,3,68.0
12,2,4,71.0
12,2,5,70.1
12,2,6,65.3
12,2,7,70.9
12,2,8,63.7
12,2,9,71.5
12,2,10,66.6
12,2,11,50.0
12,2,12,66.8
12,2,13,83.7
12,2,14,88.4
12,2,15,84.9
12,2,16,82.3
12,2,17,85.5
12,2,18,69.8
12,2,19,46.8
12,2,20,35.3
12,2,21,22.3
12,2,22,15.9
12,2,23,12.9
12,3,0,11.4
12,3,1,31.9
12,3,2,57.4
12,3,3,70.8
12,3,4,73.8
12,3,5,72.2
12,3,6,68.7
12,3,7,75.6
12,3,8,68.9
12,3,9,79.3
12,3,10,69.5
12,3,11,54.4
12,3,12,70.5
12,3,13,80.2
12,3,14,86.4
12,3,15,81.7
12,3,16,80.1
12,3,17,85.6
12,3,18,83.7
12,3,19,62.9
12,3,20,48.4
12,3,21,37.0
12,3,22,24.5
12,3,23,17.1
12,4,0,10.555555555555555
12,4,1,27.22222222222222
12,4,2,51.333333333333336
12,4,3,64.88888888888889
12,4,4,66.11111111111111
12,4,5,59.111111111111114
12,4,6,66.22222222222223
12,4,7,62.44444444444444
12,4,8,69.88888888888889
12,4,9,70.11111111111111
12,4,10,62.22222222222222
12,4,11,56.77777777777778
12,4,12,69.0
12,4,13,83.55555555555556
12,4,14,82.22222222222223
12,4,15,83.77777777777777
12,4,16,83.55555555555556
12,4,17,87.11111111111111
12,4,18,82.55555555555556
12,4,19,73.625
12,4,20,62.75
12,4,21,53.875
12,4,22,41.25
12,4,23,23.75
12,5,0,12.375
12,5,1,13.0
12,5,2,20.125
12,5,3,30.75
12,5,4,45.75
12,5,5,53.25
12,5,6,70.25
12,5,7,68.375
12,5,8,74.0
12,5,9,71.5
12,5,10,73.0
12,5,11,53.0
12,5,12,58.5
12,5,13,77.5
12,5,14,80.75
12,5,15,82.5
12,5,16,73.75
12,5,17,73.25
12,5,18,74.75
12,5,19,69.625
12,5,20,60.125
12,5,21,53.625
12,5,22,44.0
12,5,23,27.375
12,6,0,13.375
12,6,1,9.625
12,6,2,14.75
12,6,3,22.5
12,6,4,31.5
12,6,5,54.625
12,6,6,69.875
12,6,7,71.125
12,6,8,73.875
12,6,9,64.125
12,6,10,68.125
12,6,11,52.25
12,6,12,60.0
12,6,13,60.5
12,6,14,58.5
12,6,15,54.375
12,6,16,49.875
12,6,17,46.125
12,6,18,36.5
12,6,19,26.375
12,6,20,18.0
12,6,21,10.125
12,6,22,5.75
12,6,23,6.75
